"Country or Area","Year","Area","Month","Record Type","Reliability","Source Year","Value","Value Footnotes"
"Norway","2021","Total","January - March","Data tabulated by year of occurrence","Provisional figure","2021","13726",""
"Norway","2021","Total","April - June","Data tabulated by year of occurrence","Provisional figure","2021","14578",""
"Norway","2021","Total","July - September","Data tabulated by year of occurrence","Provisional figure","2021","15165",""
"Norway","2020","Total","Total","Data tabulated by year of occurrence","Provisional figure","2021","52984",""
"Norway","2020","Total","January - March","Data tabulated by year of occurrence","Provisional figure","2020","13036",""
"Norway","2020","Total","April - June","Data tabulated by year of occurrence","Provisional figure","2020","14003",""
"Norway","2020","Total","July - September","Data tabulated by year of occurrence","Provisional figure","2020","14102",""
"Norway","2020","Total","October - December","Data tabulated by year of occurrence","Provisional figure","2021","11843",""
"Norway","2019","Total","Total","Data tabulated by year of occurrence","Final figure, complete","2021","54495",""
"Norway","2019","Total","January","Data tabulated by year of occurrence","Final figure, complete","2021","4629",""
"Norway","2019","Total","February","Data tabulated by year of occurrence","Final figure, complete","2021","4227",""
"Norway","2019","Total","March","Data tabulated by year of occurrence","Final figure, complete","2021","4556",""
"Norway","2019","Total","April","Data tabulated by year of occurrence","Final figure, complete","2021","4560",""
"Norway","2019","Total","May","Data tabulated by year of occurrence","Final figure, complete","2021","4923",""
"Norway","2019","Total","June","Data tabulated by year of occurrence","Final figure, complete","2021","4764",""
"Norway","2019","Total","July","Data tabulated by year of occurrence","Final figure, complete","2021","5042",""
"Norway","2019","Total","August","Data tabulated by year of occurrence","Final figure, complete","2021","4907",""
"Norway","2019","Total","September","Data tabulated by year of occurrence","Final figure, complete","2021","4742",""
"Norway","2019","Total","October","Data tabulated by year of occurrence","Final figure, complete","2021","4507",""
"Norway","2019","Total","November","Data tabulated by year of occurrence","Final figure, complete","2021","4006",""
"Norway","2019","Total","December","Data tabulated by year of occurrence","Final figure, complete","2021","3632",""
"Norway","2018","Total","Total","Data tabulated by year of occurrence","Final figure, complete","2020","55120",""
"Norway","2018","Total","January","Data tabulated by year of occurrence","Final figure, complete","2020","4471",""
"Norway","2018","Total","February","Data tabulated by year of occurrence","Final figure, complete","2020","4185",""
"Norway","2018","Total","March","Data tabulated by year of occurrence","Final figure, complete","2020","4590",""
"Norway","2018","Total","April","Data tabulated by year of occurrence","Final figure, complete","2020","4805",""
"Norway","2018","Total","May","Data tabulated by year of occurrence","Final figure, complete","2020","4943",""
"Norway","2018","Total","June","Data tabulated by year of occurrence","Final figure, complete","2020","4941",""
"Norway","2018","Total","July","Data tabulated by year of occurrence","Final figure, complete","2020","5050",""
"Norway","2018","Total","August","Data tabulated by year of occurrence","Final figure, complete","2020","5087",""
"Norway","2018","Total","September","Data tabulated by year of occurrence","Final figure, complete","2020","4714",""
"Norway","2018","Total","October","Data tabulated by year of occurrence","Final figure, complete","2020","4539",""
"Norway","2018","Total","November","Data tabulated by year of occurrence","Final figure, complete","2020","3971",""
"Norway","2018","Total","December","Data tabulated by year of occurrence","Final figure, complete","2020","3824",""
"Norway","2017","Total","Total","Data tabulated by year of occurrence","Final figure, complete","2019","56633",""
"Norway","2017","Total","January","Data tabulated by year of occurrence","Final figure, complete","2019","4658",""
"Norway","2017","Total","February","Data tabulated by year of occurrence","Final figure, complete","2019","4314",""
"Norway","2017","Total","March","Data tabulated by year of occurrence","Final figure, complete","2019","4704",""
"Norway","2017","Total","April","Data tabulated by year of occurrence","Final figure, complete","2019","4880",""
"Norway","2017","Total","May","Data tabulated by year of occurrence","Final figure, complete","2019","5139",""
"Norway","2017","Total","June","Data tabulated by year of occurrence","Final figure, complete","2019","5101",""
"Norway","2017","Total","July","Data tabulated by year of occurrence","Final figure, complete","2019","5248",""
"Norway","2017","Total","August","Data tabulated by year of occurrence","Final figure, complete","2019","5046",""
"Norway","2017","Total","September","Data tabulated by year of occurrence","Final figure, complete","2019","4790",""
"Norway","2017","Total","October","Data tabulated by year of occurrence","Final figure, complete","2019","4586",""
"Norway","2017","Total","November","Data tabulated by year of occurrence","Final figure, complete","2019","4215",""
"Norway","2017","Total","December","Data tabulated by year of occurrence","Final figure, complete","2019","3952",""
"Norway","2016","Total","Total","Data tabulated by year of occurrence","Final figure, complete","2018","58890",""
"Norway","2016","Total","January","Data tabulated by year of occurrence","Final figure, complete","2018","4856",""
"Norway","2016","Total","February","Data tabulated by year of occurrence","Final figure, complete","2018","4648",""
"Norway","2016","Total","March","Data tabulated by year of occurrence","Final figure, complete","2018","5036",""
"Norway","2016","Total","April","Data tabulated by year of occurrence","Final figure, complete","2018","5209",""
"Norway","2016","Total","May","Data tabulated by year of occurrence","Final figure, complete","2018","5377",""
"Norway","2016","Total","June","Data tabulated by year of occurrence","Final figure, complete","2018","5224",""
"Norway","2016","Total","July","Data tabulated by year of occurrence","Final figure, complete","2018","5475",""
"Norway","2016","Total","August","Data tabulated by year of occurrence","Final figure, complete","2018","5192",""
"Norway","2016","Total","September","Data tabulated by year of occurrence","Final figure, complete","2018","4777",""
"Norway","2016","Total","October","Data tabulated by year of occurrence","Final figure, complete","2018","4600",""
"Norway","2016","Total","November","Data tabulated by year of occurrence","Final figure, complete","2018","4338",""
"Norway","2016","Total","December","Data tabulated by year of occurrence","Final figure, complete","2018","4158",""
"Norway","2015","Total","Total","Data tabulated by year of occurrence","Final figure, complete","2017","58815",""
"Norway","2015","Total","January","Data tabulated by year of occurrence","Final figure, complete","2017","4760",""
"Norway","2015","Total","February","Data tabulated by year of occurrence","Final figure, complete","2017","4497",""
"Norway","2015","Total","March","Data tabulated by year of occurrence","Final figure, complete","2017","4759",""
"Norway","2015","Total","April","Data tabulated by year of occurrence","Final figure, complete","2017","5113",""
"Norway","2015","Total","May","Data tabulated by year of occurrence","Final figure, complete","2017","5261",""
"Norway","2015","Total","June","Data tabulated by year of occurrence","Final figure, complete","2017","5386",""
"Norway","2015","Total","July","Data tabulated by year of occurrence","Final figure, complete","2017","5630",""
"Norway","2015","Total","August","Data tabulated by year of occurrence","Final figure, complete","2017","5304",""
"Norway","2015","Total","September","Data tabulated by year of occurrence","Final figure, complete","2017","4951",""
"Norway","2015","Total","October","Data tabulated by year of occurrence","Final figure, complete","2017","4800",""
"Norway","2015","Total","November","Data tabulated by year of occurrence","Final figure, complete","2017","4202",""
"Norway","2015","Total","December","Data tabulated by year of occurrence","Final figure, complete","2017","4152",""
"Norway","2015","Total","Unknown","Data tabulated by year of occurrence","Final figure, complete","2017","0",""
"Norway","2014","Total","Total","Data tabulated by year of occurrence","Final figure, complete","2016","58976",""
"Norway","2014","Total","January","Data tabulated by year of occurrence","Final figure, complete","2016","4866",""
"Norway","2014","Total","February","Data tabulated by year of occurrence","Final figure, complete","2016","4622",""
"Norway","2014","Total","March","Data tabulated by year of occurrence","Final figure, complete","2016","4861",""
"Norway","2014","Total","April","Data tabulated by year of occurrence","Final figure, complete","2016","5116",""
"Norway","2014","Total","May","Data tabulated by year of occurrence","Final figure, complete","2016","5370",""
"Norway","2014","Total","June","Data tabulated by year of occurrence","Final figure, complete","2016","5242",""
"Norway","2014","Total","July","Data tabulated by year of occurrence","Final figure, complete","2016","5479",""
"Norway","2014","Total","August","Data tabulated by year of occurrence","Final figure, complete","2016","5185",""
"Norway","2014","Total","September","Data tabulated by year of occurrence","Final figure, complete","2016","4905",""
"Norway","2014","Total","October","Data tabulated by year of occurrence","Final figure, complete","2016","4730",""
"Norway","2014","Total","November","Data tabulated by year of occurrence","Final figure, complete","2016","4308",""
"Norway","2014","Total","December","Data tabulated by year of occurrence","Final figure, complete","2016","4292",""
"Norway","2013","Total","Total","Data tabulated by year of occurrence","Final figure, complete","2015","58878",""
"Norway","2013","Total","January","Data tabulated by year of occurrence","Final figure, complete","2015","4722",""
"Norway","2013","Total","February","Data tabulated by year of occurrence","Final figure, complete","2015","4502",""
"Norway","2013","Total","March","Data tabulated by year of occurrence","Final figure, complete","2015","4926",""
"Norway","2013","Total","April","Data tabulated by year of occurrence","Final figure, complete","2015","5022",""
"Norway","2013","Total","May","Data tabulated by year of occurrence","Final figure, complete","2015","5461",""
"Norway","2013","Total","June","Data tabulated by year of occurrence","Final figure, complete","2015","5166",""
"Norway","2013","Total","July","Data tabulated by year of occurrence","Final figure, complete","2015","5662",""
"Norway","2013","Total","August","Data tabulated by year of occurrence","Final figure, complete","2015","5232",""
"Norway","2013","Total","September","Data tabulated by year of occurrence","Final figure, complete","2015","4813",""
"Norway","2013","Total","October","Data tabulated by year of occurrence","Final figure, complete","2015","4732",""
"Norway","2013","Total","November","Data tabulated by year of occurrence","Final figure, complete","2015","4393",""
"Norway","2013","Total","December","Data tabulated by year of occurrence","Final figure, complete","2015","4247",""
"Norway","2013","Total","Unknown","Data tabulated by year of occurrence","Final figure, complete","2015","0",""
"Norway","2012","Total","Total","Data tabulated by year of occurrence","Final figure, complete","2013","60255",""
"Norway","2012","Total","January","Data tabulated by year of occurrence","Final figure, complete","2013","4956",""
"Norway","2012","Total","February","Data tabulated by year of occurrence","Final figure, complete","2013","4636",""
"Norway","2012","Total","March","Data tabulated by year of occurrence","Final figure, complete","2013","5173",""
"Norway","2012","Total","April","Data tabulated by year of occurrence","Final figure, complete","2013","4880",""
"Norway","2012","Total","May","Data tabulated by year of occurrence","Final figure, complete","2013","5345",""
"Norway","2012","Total","June","Data tabulated by year of occurrence","Final figure, complete","2013","5354",""
"Norway","2012","Total","July","Data tabulated by year of occurrence","Final figure, complete","2013","5587",""
"Norway","2012","Total","August","Data tabulated by year of occurrence","Final figure, complete","2013","5528",""
"Norway","2012","Total","September","Data tabulated by year of occurrence","Final figure, complete","2013","5087",""
"Norway","2012","Total","October","Data tabulated by year of occurrence","Final figure, complete","2013","4833",""
"Norway","2012","Total","November","Data tabulated by year of occurrence","Final figure, complete","2013","4469",""
"Norway","2012","Total","December","Data tabulated by year of occurrence","Final figure, complete","2013","4407",""
"Norway","2012","Total","Unknown","Data tabulated by year of occurrence","Final figure, complete","2013","0",""
"Norway","2011","Total","Total","Data tabulated by year of occurrence","Final figure, complete","2012","60220",""
"Norway","2011","Total","January","Data tabulated by year of occurrence","Final figure, complete","2012","4993",""
"Norway","2011","Total","February","Data tabulated by year of occurrence","Final figure, complete","2012","4482",""
"Norway","2011","Total","March","Data tabulated by year of occurrence","Final figure, complete","2012","4930",""
"Norway","2011","Total","April","Data tabulated by year of occurrence","Final figure, complete","2012","5149",""
"Norway","2011","Total","May","Data tabulated by year of occurrence","Final figure, complete","2012","5353",""
"Norway","2011","Total","June","Data tabulated by year of occurrence","Final figure, complete","2012","5392",""
"Norway","2011","Total","July","Data tabulated by year of occurrence","Final figure, complete","2012","5566",""
"Norway","2011","Total","August","Data tabulated by year of occurrence","Final figure, complete","2012","5562",""
"Norway","2011","Total","September","Data tabulated by year of occurrence","Final figure, complete","2012","5017",""
"Norway","2011","Total","October","Data tabulated by year of occurrence","Final figure, complete","2012","4882",""
"Norway","2011","Total","November","Data tabulated by year of occurrence","Final figure, complete","2012","4494",""
"Norway","2011","Total","December","Data tabulated by year of occurrence","Final figure, complete","2012","4400",""
"Norway","2011","Total","Unknown","Data tabulated by year of occurrence","Final figure, complete","2012","0",""
"Norway","2010","Total","Total","Data tabulated by year of occurrence","Final figure, complete","2010","61442",""
"Norway","2010","Total","January","Data tabulated by year of occurrence","Final figure, complete","2010","5078",""
"Norway","2010","Total","February","Data tabulated by year of occurrence","Final figure, complete","2010","4738",""
"Norway","2010","Total","March","Data tabulated by year of occurrence","Final figure, complete","2010","5181",""
"Norway","2010","Total","April","Data tabulated by year of occurrence","Final figure, complete","2010","5112",""
"Norway","2010","Total","May","Data tabulated by year of occurrence","Final figure, complete","2010","5262",""
"Norway","2010","Total","June","Data tabulated by year of occurrence","Final figure, complete","2010","5368",""
"Norway","2010","Total","July","Data tabulated by year of occurrence","Final figure, complete","2010","5576",""
"Norway","2010","Total","August","Data tabulated by year of occurrence","Final figure, complete","2010","5357",""
"Norway","2010","Total","September","Data tabulated by year of occurrence","Final figure, complete","2010","5318",""
"Norway","2010","Total","October","Data tabulated by year of occurrence","Final figure, complete","2010","5149",""
"Norway","2010","Total","November","Data tabulated by year of occurrence","Final figure, complete","2010","4697",""
"Norway","2010","Total","December","Data tabulated by year of occurrence","Final figure, complete","2010","4606",""
"Norway","2009","Total","Total","Data tabulated by year of occurrence","Final figure, complete","2010","61807",""
"Norway","2009","Total","January","Data tabulated by year of occurrence","Final figure, complete","2010","5021",""
"Norway","2009","Total","February","Data tabulated by year of occurrence","Final figure, complete","2010","4683",""
"Norway","2009","Total","March","Data tabulated by year of occurrence","Final figure, complete","2010","5100",""
"Norway","2009","Total","April","Data tabulated by year of occurrence","Final figure, complete","2010","5329",""
"Norway","2009","Total","May","Data tabulated by year of occurrence","Final figure, complete","2010","5431",""
"Norway","2009","Total","June","Data tabulated by year of occurrence","Final figure, complete","2010","5446",""
"Norway","2009","Total","July","Data tabulated by year of occurrence","Final figure, complete","2010","5514",""
"Norway","2009","Total","August","Data tabulated by year of occurrence","Final figure, complete","2010","5517",""
"Norway","2009","Total","September","Data tabulated by year of occurrence","Final figure, complete","2010","5329",""
"Norway","2009","Total","October","Data tabulated by year of occurrence","Final figure, complete","2010","4976",""
"Norway","2009","Total","November","Data tabulated by year of occurrence","Final figure, complete","2010","4807",""
"Norway","2009","Total","December","Data tabulated by year of occurrence","Final figure, complete","2010","4654",""
"Norway","2008","Total","Total","Data tabulated by year of occurrence","Final figure, complete","2009","60497",""
"Norway","2008","Total","January","Data tabulated by year of occurrence","Final figure, complete","2009","4916",""
"Norway","2008","Total","February","Data tabulated by year of occurrence","Final figure, complete","2009","4766",""
"Norway","2008","Total","March","Data tabulated by year of occurrence","Final figure, complete","2009","5032",""
"Norway","2008","Total","April","Data tabulated by year of occurrence","Final figure, complete","2009","5200",""
"Norway","2008","Total","May","Data tabulated by year of occurrence","Final figure, complete","2009","5428",""
"Norway","2008","Total","June","Data tabulated by year of occurrence","Final figure, complete","2009","5235",""
"Norway","2008","Total","July","Data tabulated by year of occurrence","Final figure, complete","2009","5548",""
"Norway","2008","Total","August","Data tabulated by year of occurrence","Final figure, complete","2009","5293",""
"Norway","2008","Total","September","Data tabulated by year of occurrence","Final figure, complete","2009","5092",""
"Norway","2008","Total","October","Data tabulated by year of occurrence","Final figure, complete","2009","4931",""
"Norway","2008","Total","November","Data tabulated by year of occurrence","Final figure, complete","2009","4503",""
"Norway","2008","Total","December","Data tabulated by year of occurrence","Final figure, complete","2009","4553",""
"Norway","2007","Total","Total","Data tabulated by year of occurrence","Final figure, complete","2008","58459",""
"Norway","2007","Total","January","Data tabulated by year of occurrence","Final figure, complete","2008","4954",""
"Norway","2007","Total","February","Data tabulated by year of occurrence","Final figure, complete","2008","4455",""
"Norway","2007","Total","March","Data tabulated by year of occurrence","Final figure, complete","2008","4922",""
"Norway","2007","Total","April","Data tabulated by year of occurrence","Final figure, complete","2008","4909",""
"Norway","2007","Total","May","Data tabulated by year of occurrence","Final figure, complete","2008","5125",""
"Norway","2007","Total","June","Data tabulated by year of occurrence","Final figure, complete","2008","5149",""
"Norway","2007","Total","July","Data tabulated by year of occurrence","Final figure, complete","2008","5258",""
"Norway","2007","Total","August","Data tabulated by year of occurrence","Final figure, complete","2008","5194",""
"Norway","2007","Total","September","Data tabulated by year of occurrence","Final figure, complete","2008","4844",""
"Norway","2007","Total","October","Data tabulated by year of occurrence","Final figure, complete","2008","4914",""
"Norway","2007","Total","November","Data tabulated by year of occurrence","Final figure, complete","2008","4407",""
"Norway","2007","Total","December","Data tabulated by year of occurrence","Final figure, complete","2008","4328",""
"Norway","2006","Total","January - March","Data tabulated by year of occurrence","Provisional figure","2006","14448",""
"Norway","2006","Total","April - June","Data tabulated by year of occurrence","Provisional figure","2006","15164",""
"Norway","2006","Total","July - September","Data tabulated by year of occurrence","Provisional figure","2006","15475",""
"Norway","2006","Total","October - December","Data tabulated by year of occurrence","Provisional figure","2007","13487",""
"Norway","2005","Total","January - March","Data tabulated by year of occurrence","Provisional figure","2005","13940",""
"Norway","2005","Total","April - June","Data tabulated by year of occurrence","Provisional figure","2005","14844",""
"Norway","2005","Total","July - September","Data tabulated by year of occurrence","Provisional figure","2005","14922",""
"Norway","2005","Total","October - December","Data tabulated by year of occurrence","Provisional figure","2005","12964",""
"Norway","2004","Total","Total","Data tabulated by year of occurrence","Final figure, complete","2005","56951",""
"Norway","2004","Total","January","Data tabulated by year of occurrence","Final figure, complete","2005","4873",""
"Norway","2004","Total","February","Data tabulated by year of occurrence","Final figure, complete","2005","4496",""
"Norway","2004","Total","March","Data tabulated by year of occurrence","Final figure, complete","2005","4996",""
"Norway","2004","Total","April","Data tabulated by year of occurrence","Final figure, complete","2005","4872",""
"Norway","2004","Total","May","Data tabulated by year of occurrence","Final figure, complete","2005","4869",""
"Norway","2004","Total","June","Data tabulated by year of occurrence","Final figure, complete","2005","4868",""
"Norway","2004","Total","July","Data tabulated by year of occurrence","Final figure, complete","2005","5210",""
"Norway","2004","Total","August","Data tabulated by year of occurrence","Final figure, complete","2005","4851",""
"Norway","2004","Total","September","Data tabulated by year of occurrence","Final figure, complete","2005","4751",""
"Norway","2004","Total","October","Data tabulated by year of occurrence","Final figure, complete","2005","4603",""
"Norway","2004","Total","November","Data tabulated by year of occurrence","Final figure, complete","2005","4257",""
"Norway","2004","Total","December","Data tabulated by year of occurrence","Final figure, complete","2005","4305",""
"Norway","2003","Total","Total","Data tabulated by year of occurrence","Final figure, complete","2006","56458",""
"Norway","2003","Total","January","Data tabulated by year of occurrence","Final figure, complete","2006","4644",""
"Norway","2003","Total","February","Data tabulated by year of occurrence","Final figure, complete","2006","4226",""
"Norway","2003","Total","March","Data tabulated by year of occurrence","Final figure, complete","2006","4717",""
"Norway","2003","Total","April","Data tabulated by year of occurrence","Final figure, complete","2006","4782",""
"Norway","2003","Total","May","Data tabulated by year of occurrence","Final figure, complete","2006","4998",""
"Norway","2003","Total","June","Data tabulated by year of occurrence","Final figure, complete","2006","4718",""
"Norway","2003","Total","July","Data tabulated by year of occurrence","Final figure, complete","2006","5179",""
"Norway","2003","Total","August","Data tabulated by year of occurrence","Final figure, complete","2006","4965",""
"Norway","2003","Total","September","Data tabulated by year of occurrence","Final figure, complete","2006","4881",""
"Norway","2003","Total","October","Data tabulated by year of occurrence","Final figure, complete","2006","4834",""
"Norway","2003","Total","November","Data tabulated by year of occurrence","Final figure, complete","2006","4258",""
"Norway","2003","Total","December","Data tabulated by year of occurrence","Final figure, complete","2006","4256",""
"Norway","2002","Total","Total","Data tabulated by year of occurrence","Final figure, complete","2004","55434",""
"Norway","2002","Total","January","Data tabulated by year of occurrence","Final figure, complete","2004","4664",""
"Norway","2002","Total","February","Data tabulated by year of occurrence","Final figure, complete","2004","4415",""
"Norway","2002","Total","March","Data tabulated by year of occurrence","Final figure, complete","2004","4777",""
"Norway","2002","Total","April","Data tabulated by year of occurrence","Final figure, complete","2004","4757",""
"Norway","2002","Total","May","Data tabulated by year of occurrence","Final figure, complete","2004","4831",""
"Norway","2002","Total","June","Data tabulated by year of occurrence","Final figure, complete","2004","4663",""
"Norway","2002","Total","July","Data tabulated by year of occurrence","Final figure, complete","2004","5072",""
"Norway","2002","Total","August","Data tabulated by year of occurrence","Final figure, complete","2004","4795",""
"Norway","2002","Total","September","Data tabulated by year of occurrence","Final figure, complete","2004","4613",""
"Norway","2002","Total","October","Data tabulated by year of occurrence","Final figure, complete","2004","4579",""
"Norway","2002","Total","November","Data tabulated by year of occurrence","Final figure, complete","2004","4143",""
"Norway","2002","Total","December","Data tabulated by year of occurrence","Final figure, complete","2004","4125",""
"Norway","2001","Total","Total","Data tabulated by year of occurrence","Final figure, complete","2004","56696",""
"Norway","2001","Total","January","Data tabulated by year of occurrence","Final figure, complete","2004","4959",""
"Norway","2001","Total","February","Data tabulated by year of occurrence","Final figure, complete","2004","4495",""
"Norway","2001","Total","March","Data tabulated by year of occurrence","Final figure, complete","2004","4958",""
"Norway","2001","Total","April","Data tabulated by year of occurrence","Final figure, complete","2004","5009",""
"Norway","2001","Total","May","Data tabulated by year of occurrence","Final figure, complete","2004","5018",""
"Norway","2001","Total","June","Data tabulated by year of occurrence","Final figure, complete","2004","4955",""
"Norway","2001","Total","July","Data tabulated by year of occurrence","Final figure, complete","2004","4919",""
"Norway","2001","Total","August","Data tabulated by year of occurrence","Final figure, complete","2004","4852",""
"Norway","2001","Total","September","Data tabulated by year of occurrence","Final figure, complete","2004","4742",""
"Norway","2001","Total","October","Data tabulated by year of occurrence","Final figure, complete","2004","4555",""
"Norway","2001","Total","November","Data tabulated by year of occurrence","Final figure, complete","2004","4153",""
"Norway","2001","Total","December","Data tabulated by year of occurrence","Final figure, complete","2004","4081",""
"Norway","2000","Total","Total","Data tabulated by year of occurrence","Final figure, complete","2004","59234",""
"Norway","2000","Total","January","Data tabulated by year of occurrence","Final figure, complete","2004","4838",""
"Norway","2000","Total","February","Data tabulated by year of occurrence","Final figure, complete","2004","4988",""
"Norway","2000","Total","March","Data tabulated by year of occurrence","Final figure, complete","2004","5326",""
"Norway","2000","Total","April","Data tabulated by year of occurrence","Final figure, complete","2004","5185",""
"Norway","2000","Total","May","Data tabulated by year of occurrence","Final figure, complete","2004","5421",""
"Norway","2000","Total","June","Data tabulated by year of occurrence","Final figure, complete","2004","4937",""
"Norway","2000","Total","July","Data tabulated by year of occurrence","Final figure, complete","2004","5201",""
"Norway","2000","Total","August","Data tabulated by year of occurrence","Final figure, complete","2004","5118",""
"Norway","2000","Total","September","Data tabulated by year of occurrence","Final figure, complete","2004","4885",""
"Norway","2000","Total","October","Data tabulated by year of occurrence","Final figure, complete","2004","4575",""
"Norway","2000","Total","November","Data tabulated by year of occurrence","Final figure, complete","2004","4280",""
"Norway","2000","Total","December","Data tabulated by year of occurrence","Final figure, complete","2004","4480",""
"Norway","1999","Total","Total","Data tabulated by year of occurrence","Final figure, complete","2000","59298",""
"Norway","1999","Total","January","Data tabulated by year of occurrence","Final figure, complete","2000","4768",""
"Norway","1999","Total","February","Data tabulated by year of occurrence","Final figure, complete","2000","4610",""
"Norway","1999","Total","March","Data tabulated by year of occurrence","Final figure, complete","2000","5358",""
"Norway","1999","Total","April","Data tabulated by year of occurrence","Final figure, complete","2000","5207",""
"Norway","1999","Total","May","Data tabulated by year of occurrence","Final figure, complete","2000","5389",""
"Norway","1999","Total","June","Data tabulated by year of occurrence","Final figure, complete","2000","5064",""
"Norway","1999","Total","July","Data tabulated by year of occurrence","Final figure, complete","2000","5208",""
"Norway","1999","Total","August","Data tabulated by year of occurrence","Final figure, complete","2000","5158",""
"Norway","1999","Total","September","Data tabulated by year of occurrence","Final figure, complete","2000","5026",""
"Norway","1999","Total","October","Data tabulated by year of occurrence","Final figure, complete","2000","4710",""
"Norway","1999","Total","November","Data tabulated by year of occurrence","Final figure, complete","2000","4318",""
"Norway","1999","Total","December","Data tabulated by year of occurrence","Final figure, complete","2000","4482",""
"Norway","1998","Total","Total","Data tabulated by year of occurrence","Final figure, complete","1999","58352",""
"Norway","1998","Total","January","Data tabulated by year of occurrence","Final figure, complete","1999","4742",""
"Norway","1998","Total","February","Data tabulated by year of occurrence","Final figure, complete","1999","4614",""
"Norway","1998","Total","March","Data tabulated by year of occurrence","Final figure, complete","1999","5185",""
"Norway","1998","Total","April","Data tabulated by year of occurrence","Final figure, complete","1999","5317",""
"Norway","1998","Total","May","Data tabulated by year of occurrence","Final figure, complete","1999","5021",""
"Norway","1998","Total","June","Data tabulated by year of occurrence","Final figure, complete","1999","4974",""
"Norway","1998","Total","July","Data tabulated by year of occurrence","Final figure, complete","1999","5319",""
"Norway","1998","Total","August","Data tabulated by year of occurrence","Final figure, complete","1999","5068",""
"Norway","1998","Total","September","Data tabulated by year of occurrence","Final figure, complete","1999","5091",""
"Norway","1998","Total","October","Data tabulated by year of occurrence","Final figure, complete","1999","4641",""
"Norway","1998","Total","November","Data tabulated by year of occurrence","Final figure, complete","1999","4232",""
"Norway","1998","Total","December","Data tabulated by year of occurrence","Final figure, complete","1999","4148",""
"Norway","1997","Total","Total","Data tabulated by year of occurrence","Final figure, complete","1998","59801",""
"Norway","1997","Total","January","Data tabulated by year of occurrence","Final figure, complete","1998","5274",""
"Norway","1997","Total","February","Data tabulated by year of occurrence","Final figure, complete","1998","4760",""
"Norway","1997","Total","March","Data tabulated by year of occurrence","Final figure, complete","1998","5244",""
"Norway","1997","Total","April","Data tabulated by year of occurrence","Final figure, complete","1998","5446",""
"Norway","1997","Total","May","Data tabulated by year of occurrence","Final figure, complete","1998","5244",""
"Norway","1997","Total","June","Data tabulated by year of occurrence","Final figure, complete","1998","5154",""
"Norway","1997","Total","July","Data tabulated by year of occurrence","Final figure, complete","1998","5284",""
"Norway","1997","Total","August","Data tabulated by year of occurrence","Final figure, complete","1998","5074",""
"Norway","1997","Total","September","Data tabulated by year of occurrence","Final figure, complete","1998","4993",""
"Norway","1997","Total","October","Data tabulated by year of occurrence","Final figure, complete","1998","4700",""
"Norway","1997","Total","November","Data tabulated by year of occurrence","Final figure, complete","1998","4204",""
"Norway","1997","Total","December","Data tabulated by year of occurrence","Final figure, complete","1998","4424",""
"Norway","1996","Total","Total","Data tabulated by year of occurrence","Final figure, complete","1997","60927",""
"Norway","1996","Total","January","Data tabulated by year of occurrence","Final figure, complete","1997","4975",""
"Norway","1996","Total","February","Data tabulated by year of occurrence","Final figure, complete","1997","4875",""
"Norway","1996","Total","March","Data tabulated by year of occurrence","Final figure, complete","1997","5408",""
"Norway","1996","Total","April","Data tabulated by year of occurrence","Final figure, complete","1997","5409",""
"Norway","1996","Total","May","Data tabulated by year of occurrence","Final figure, complete","1997","5387",""
"Norway","1996","Total","June","Data tabulated by year of occurrence","Final figure, complete","1997","5074",""
"Norway","1996","Total","July","Data tabulated by year of occurrence","Final figure, complete","1997","5343",""
"Norway","1996","Total","August","Data tabulated by year of occurrence","Final figure, complete","1997","5054",""
"Norway","1996","Total","September","Data tabulated by year of occurrence","Final figure, complete","1997","4939",""
"Norway","1996","Total","October","Data tabulated by year of occurrence","Final figure, complete","1997","4975",""
"Norway","1996","Total","November","Data tabulated by year of occurrence","Final figure, complete","1997","4762",""
"Norway","1996","Total","December","Data tabulated by year of occurrence","Final figure, complete","1997","4726",""
"Norway","1995","Total","Total","Data tabulated by year of occurrence","Final figure, complete","1996","60292",""
"Norway","1995","Total","January","Data tabulated by year of occurrence","Final figure, complete","1996","4972",""
"Norway","1995","Total","February","Data tabulated by year of occurrence","Final figure, complete","1996","4788",""
"Norway","1995","Total","March","Data tabulated by year of occurrence","Final figure, complete","1996","5364",""
"Norway","1995","Total","April","Data tabulated by year of occurrence","Final figure, complete","1996","5333",""
"Norway","1995","Total","May","Data tabulated by year of occurrence","Final figure, complete","1996","5351",""
"Norway","1995","Total","June","Data tabulated by year of occurrence","Final figure, complete","1996","5274",""
"Norway","1995","Total","July","Data tabulated by year of occurrence","Final figure, complete","1996","5405",""
"Norway","1995","Total","August","Data tabulated by year of occurrence","Final figure, complete","1996","5143",""
"Norway","1995","Total","September","Data tabulated by year of occurrence","Final figure, complete","1996","5030",""
"Norway","1995","Total","October","Data tabulated by year of occurrence","Final figure, complete","1996","4718",""
"Norway","1995","Total","November","Data tabulated by year of occurrence","Final figure, complete","1996","4613",""
"Norway","1995","Total","December","Data tabulated by year of occurrence","Final figure, complete","1996","4301",""
"Norway","1993","Total","Total","Data tabulated by year of occurrence","Final figure, complete","1994","59678",""
"Norway","1993","Total","January","Data tabulated by year of occurrence","Final figure, complete","1994","4907",""
"Norway","1993","Total","February","Data tabulated by year of occurrence","Final figure, complete","1994","4577",""
"Norway","1993","Total","March","Data tabulated by year of occurrence","Final figure, complete","1994","5312",""
"Norway","1993","Total","April","Data tabulated by year of occurrence","Final figure, complete","1994","5406",""
"Norway","1993","Total","May","Data tabulated by year of occurrence","Final figure, complete","1994","5322",""
"Norway","1993","Total","June","Data tabulated by year of occurrence","Final figure, complete","1994","5094",""
"Norway","1993","Total","July","Data tabulated by year of occurrence","Final figure, complete","1994","5278",""
"Norway","1993","Total","August","Data tabulated by year of occurrence","Final figure, complete","1994","4996",""
"Norway","1993","Total","September","Data tabulated by year of occurrence","Final figure, complete","1994","4980",""
"Norway","1993","Total","October","Data tabulated by year of occurrence","Final figure, complete","1994","4814",""
"Norway","1993","Total","November","Data tabulated by year of occurrence","Final figure, complete","1994","4434",""
"Norway","1993","Total","December","Data tabulated by year of occurrence","Final figure, complete","1994","4558",""
"Norway","1992","Total","Total","Data tabulated by year of occurrence","Final figure, complete","1993","60109",""
"Norway","1992","Total","January","Data tabulated by year of occurrence","Final figure, complete","1993","4943",""
"Norway","1992","Total","February","Data tabulated by year of occurrence","Final figure, complete","1993","4959",""
"Norway","1992","Total","March","Data tabulated by year of occurrence","Final figure, complete","1993","5469",""
"Norway","1992","Total","April","Data tabulated by year of occurrence","Final figure, complete","1993","5429",""
"Norway","1992","Total","May","Data tabulated by year of occurrence","Final figure, complete","1993","5293",""
"Norway","1992","Total","June","Data tabulated by year of occurrence","Final figure, complete","1993","5005",""
"Norway","1992","Total","July","Data tabulated by year of occurrence","Final figure, complete","1993","5141",""
"Norway","1992","Total","August","Data tabulated by year of occurrence","Final figure, complete","1993","5098",""
"Norway","1992","Total","September","Data tabulated by year of occurrence","Final figure, complete","1993","5135",""
"Norway","1992","Total","October","Data tabulated by year of occurrence","Final figure, complete","1993","4642",""
"Norway","1992","Total","November","Data tabulated by year of occurrence","Final figure, complete","1993","4414",""
"Norway","1992","Total","December","Data tabulated by year of occurrence","Final figure, complete","1993","4581",""
"Norway","1991","Total","Total","Data tabulated by year of occurrence","Final figure, complete","1992","60808",""
"Norway","1991","Total","January","Data tabulated by year of occurrence","Final figure, complete","1992","5137",""
"Norway","1991","Total","February","Data tabulated by year of occurrence","Final figure, complete","1992","4926",""
"Norway","1991","Total","March","Data tabulated by year of occurrence","Final figure, complete","1992","5524",""
"Norway","1991","Total","April","Data tabulated by year of occurrence","Final figure, complete","1992","5489",""
"Norway","1991","Total","May","Data tabulated by year of occurrence","Final figure, complete","1992","5439",""
"Norway","1991","Total","June","Data tabulated by year of occurrence","Final figure, complete","1992","5057",""
"Norway","1991","Total","July","Data tabulated by year of occurrence","Final figure, complete","1992","5266",""
"Norway","1991","Total","August","Data tabulated by year of occurrence","Final figure, complete","1992","4991",""
"Norway","1991","Total","September","Data tabulated by year of occurrence","Final figure, complete","1992","5135",""
"Norway","1991","Total","October","Data tabulated by year of occurrence","Final figure, complete","1992","4767",""
"Norway","1991","Total","November","Data tabulated by year of occurrence","Final figure, complete","1992","4398",""
"Norway","1991","Total","December","Data tabulated by year of occurrence","Final figure, complete","1992","4679",""
"Norway","1990","Total","Total","Data tabulated by year of occurrence","Final figure, complete","1991","60939",""
"Norway","1990","Total","January","Data tabulated by year of occurrence","Final figure, complete","1991","5118",""
"Norway","1990","Total","February","Data tabulated by year of occurrence","Final figure, complete","1991","5012",""
"Norway","1990","Total","March","Data tabulated by year of occurrence","Final figure, complete","1991","5516",""
"Norway","1990","Total","April","Data tabulated by year of occurrence","Final figure, complete","1991","5436",""
"Norway","1990","Total","May","Data tabulated by year of occurrence","Final figure, complete","1991","5275",""
"Norway","1990","Total","June","Data tabulated by year of occurrence","Final figure, complete","1991","5111",""
"Norway","1990","Total","July","Data tabulated by year of occurrence","Final figure, complete","1991","5132",""
"Norway","1990","Total","August","Data tabulated by year of occurrence","Final figure, complete","1991","5174",""
"Norway","1990","Total","September","Data tabulated by year of occurrence","Final figure, complete","1991","4939",""
"Norway","1990","Total","October","Data tabulated by year of occurrence","Final figure, complete","1991","4842",""
"Norway","1990","Total","November","Data tabulated by year of occurrence","Final figure, complete","1991","4668",""
"Norway","1990","Total","December","Data tabulated by year of occurrence","Final figure, complete","1991","4716",""
"Norway","1987","Total","Total","Data tabulated by year of occurrence","Final figure, complete","1988","54027",""
"Norway","1987","Total","January","Data tabulated by year of occurrence","Final figure, complete","1988","4196",""
"Norway","1987","Total","February","Data tabulated by year of occurrence","Final figure, complete","1988","4117",""
"Norway","1987","Total","March","Data tabulated by year of occurrence","Final figure, complete","1988","4807",""
"Norway","1987","Total","April","Data tabulated by year of occurrence","Final figure, complete","1988","4856",""
"Norway","1987","Total","May","Data tabulated by year of occurrence","Final figure, complete","1988","4779",""
"Norway","1987","Total","June","Data tabulated by year of occurrence","Final figure, complete","1988","4635",""
"Norway","1987","Total","July","Data tabulated by year of occurrence","Final figure, complete","1988","4820",""
"Norway","1987","Total","August","Data tabulated by year of occurrence","Final figure, complete","1988","4526",""
"Norway","1987","Total","September","Data tabulated by year of occurrence","Final figure, complete","1988","4541",""
"Norway","1987","Total","October","Data tabulated by year of occurrence","Final figure, complete","1988","4329",""
"Norway","1987","Total","November","Data tabulated by year of occurrence","Final figure, complete","1988","4121",""
"Norway","1987","Total","December","Data tabulated by year of occurrence","Final figure, complete","1988","4300",""
"Norway","1986","Total","Total","Data tabulated by year of occurrence","Final figure, complete","1988","52514",""
"Norway","1986","Total","January","Data tabulated by year of occurrence","Final figure, complete","1988","4200",""
"Norway","1986","Total","February","Data tabulated by year of occurrence","Final figure, complete","1988","4117",""
"Norway","1986","Total","March","Data tabulated by year of occurrence","Final figure, complete","1988","4745",""
"Norway","1986","Total","April","Data tabulated by year of occurrence","Final figure, complete","1988","4894",""
"Norway","1986","Total","May","Data tabulated by year of occurrence","Final figure, complete","1988","4581",""
"Norway","1986","Total","June","Data tabulated by year of occurrence","Final figure, complete","1988","4389",""
"Norway","1986","Total","July","Data tabulated by year of occurrence","Final figure, complete","1988","4599",""
"Norway","1986","Total","August","Data tabulated by year of occurrence","Final figure, complete","1988","4496",""
"Norway","1986","Total","September","Data tabulated by year of occurrence","Final figure, complete","1988","4475",""
"Norway","1986","Total","October","Data tabulated by year of occurrence","Final figure, complete","1988","4111",""
"Norway","1986","Total","November","Data tabulated by year of occurrence","Final figure, complete","1988","3939",""
"Norway","1986","Total","December","Data tabulated by year of occurrence","Final figure, complete","1988","3968",""
"Norway","1985","Total","Total","Data tabulated by year of occurrence","Final figure, complete","1986","51134",""
"Norway","1985","Total","January","Data tabulated by year of occurrence","Final figure, complete","1986","4232",""
"Norway","1985","Total","February","Data tabulated by year of occurrence","Final figure, complete","1986","3990",""
"Norway","1985","Total","March","Data tabulated by year of occurrence","Final figure, complete","1986","4762",""
"Norway","1985","Total","April","Data tabulated by year of occurrence","Final figure, complete","1986","4728",""
"Norway","1985","Total","May","Data tabulated by year of occurrence","Final figure, complete","1986","4553",""
"Norway","1985","Total","June","Data tabulated by year of occurrence","Final figure, complete","1986","4210",""
"Norway","1985","Total","July","Data tabulated by year of occurrence","Final figure, complete","1986","4414",""
"Norway","1985","Total","August","Data tabulated by year of occurrence","Final figure, complete","1986","4232",""
"Norway","1985","Total","September","Data tabulated by year of occurrence","Final figure, complete","1986","4054",""
"Norway","1985","Total","October","Data tabulated by year of occurrence","Final figure, complete","1986","4026",""
"Norway","1985","Total","November","Data tabulated by year of occurrence","Final figure, complete","1986","3878",""
"Norway","1985","Total","December","Data tabulated by year of occurrence","Final figure, complete","1986","4055",""
"Norway","1984","Total","Total","Data tabulated by year of occurrence","Final figure, complete","1985","50274",""
"Norway","1984","Total","January","Data tabulated by year of occurrence","Final figure, complete","1985","4037",""
"Norway","1984","Total","February","Data tabulated by year of occurrence","Final figure, complete","1985","4194",""
"Norway","1984","Total","March","Data tabulated by year of occurrence","Final figure, complete","1985","4631",""
"Norway","1984","Total","April","Data tabulated by year of occurrence","Final figure, complete","1985","4509",""
"Norway","1984","Total","May","Data tabulated by year of occurrence","Final figure, complete","1985","4484",""
"Norway","1984","Total","June","Data tabulated by year of occurrence","Final figure, complete","1985","4220",""
"Norway","1984","Total","July","Data tabulated by year of occurrence","Final figure, complete","1985","4346",""
"Norway","1984","Total","August","Data tabulated by year of occurrence","Final figure, complete","1985","4179",""
"Norway","1984","Total","September","Data tabulated by year of occurrence","Final figure, complete","1985","4046",""
"Norway","1984","Total","October","Data tabulated by year of occurrence","Final figure, complete","1985","3989",""
"Norway","1984","Total","November","Data tabulated by year of occurrence","Final figure, complete","1985","3813",""
"Norway","1984","Total","December","Data tabulated by year of occurrence","Final figure, complete","1985","3826",""
"Norway","1983","Total","Total","Data tabulated by year of occurrence","Final figure, complete","1984","49937",""
"Norway","1983","Total","January","Data tabulated by year of occurrence","Final figure, complete","1984","3990",""
"Norway","1983","Total","February","Data tabulated by year of occurrence","Final figure, complete","1984","3914",""
"Norway","1983","Total","March","Data tabulated by year of occurrence","Final figure, complete","1984","4667",""
"Norway","1983","Total","April","Data tabulated by year of occurrence","Final figure, complete","1984","4540",""
"Norway","1983","Total","May","Data tabulated by year of occurrence","Final figure, complete","1984","4359",""
"Norway","1983","Total","June","Data tabulated by year of occurrence","Final figure, complete","1984","4320",""
"Norway","1983","Total","July","Data tabulated by year of occurrence","Final figure, complete","1984","4315",""
"Norway","1983","Total","August","Data tabulated by year of occurrence","Final figure, complete","1984","4188",""
"Norway","1983","Total","September","Data tabulated by year of occurrence","Final figure, complete","1984","4192",""
"Norway","1983","Total","October","Data tabulated by year of occurrence","Final figure, complete","1984","3861",""
"Norway","1983","Total","November","Data tabulated by year of occurrence","Final figure, complete","1984","3694",""
"Norway","1983","Total","December","Data tabulated by year of occurrence","Final figure, complete","1984","3897",""
"Norway","1982","Total","Total","Data tabulated by year of occurrence","Final figure, complete","1983","51245",""
"Norway","1982","Total","January","Data tabulated by year of occurrence","Final figure, complete","1983","4117",""
"Norway","1982","Total","February","Data tabulated by year of occurrence","Final figure, complete","1983","3960",""
"Norway","1982","Total","March","Data tabulated by year of occurrence","Final figure, complete","1983","4894",""
"Norway","1982","Total","April","Data tabulated by year of occurrence","Final figure, complete","1983","4858",""
"Norway","1982","Total","May","Data tabulated by year of occurrence","Final figure, complete","1983","4593",""
"Norway","1982","Total","June","Data tabulated by year of occurrence","Final figure, complete","1983","4395",""
"Norway","1982","Total","July","Data tabulated by year of occurrence","Final figure, complete","1983","4266",""
"Norway","1982","Total","August","Data tabulated by year of occurrence","Final figure, complete","1983","4311",""
"Norway","1982","Total","September","Data tabulated by year of occurrence","Final figure, complete","1983","4335",""
"Norway","1982","Total","October","Data tabulated by year of occurrence","Final figure, complete","1983","3952",""
"Norway","1982","Total","November","Data tabulated by year of occurrence","Final figure, complete","1983","3742",""
"Norway","1982","Total","December","Data tabulated by year of occurrence","Final figure, complete","1983","3822",""
"Norway","1981","Total","Total","Data tabulated by year of occurrence","Final figure, complete","1982","50708",""
"Norway","1981","Total","January","Data tabulated by year of occurrence","Final figure, complete","1982","4152",""
"Norway","1981","Total","February","Data tabulated by year of occurrence","Final figure, complete","1982","4116",""
"Norway","1981","Total","March","Data tabulated by year of occurrence","Final figure, complete","1982","4873",""
"Norway","1981","Total","April","Data tabulated by year of occurrence","Final figure, complete","1982","4697",""
"Norway","1981","Total","May","Data tabulated by year of occurrence","Final figure, complete","1982","4417",""
"Norway","1981","Total","June","Data tabulated by year of occurrence","Final figure, complete","1982","4225",""
"Norway","1981","Total","July","Data tabulated by year of occurrence","Final figure, complete","1982","4318",""
"Norway","1981","Total","August","Data tabulated by year of occurrence","Final figure, complete","1982","4234",""
"Norway","1981","Total","September","Data tabulated by year of occurrence","Final figure, complete","1982","4249",""
"Norway","1981","Total","October","Data tabulated by year of occurrence","Final figure, complete","1982","3980",""
"Norway","1981","Total","November","Data tabulated by year of occurrence","Final figure, complete","1982","3695",""
"Norway","1981","Total","December","Data tabulated by year of occurrence","Final figure, complete","1982","3752",""
"Norway","1980","Total","Total","Data tabulated by year of occurrence","Final figure, complete","1991","51039",""
"Norway","1980","Total","January","Data tabulated by year of occurrence","Final figure, complete","1991","4094",""
"Norway","1980","Total","February","Data tabulated by year of occurrence","Final figure, complete","1991","4172",""
"Norway","1980","Total","March","Data tabulated by year of occurrence","Final figure, complete","1991","4783",""
"Norway","1980","Total","April","Data tabulated by year of occurrence","Final figure, complete","1991","4763",""
"Norway","1980","Total","May","Data tabulated by year of occurrence","Final figure, complete","1991","4668",""
"Norway","1980","Total","June","Data tabulated by year of occurrence","Final figure, complete","1991","4242",""
"Norway","1980","Total","July","Data tabulated by year of occurrence","Final figure, complete","1991","4397",""
"Norway","1980","Total","August","Data tabulated by year of occurrence","Final figure, complete","1991","4129",""
"Norway","1980","Total","September","Data tabulated by year of occurrence","Final figure, complete","1991","4097",""
"Norway","1980","Total","October","Data tabulated by year of occurrence","Final figure, complete","1991","4018",""
"Norway","1980","Total","November","Data tabulated by year of occurrence","Final figure, complete","1991","3762",""
"Norway","1980","Total","December","Data tabulated by year of occurrence","Final figure, complete","1991","3914",""
"Norway","1979","Total","Total","Data tabulated by year of occurrence","Final figure, complete","1979","51580",""
"Norway","1979","Total","January","Data tabulated by year of occurrence","Final figure, complete","1979","4369",""
"Norway","1979","Total","February","Data tabulated by year of occurrence","Final figure, complete","1979","4111",""
"Norway","1979","Total","March","Data tabulated by year of occurrence","Final figure, complete","1979","4740",""
"Norway","1979","Total","April","Data tabulated by year of occurrence","Final figure, complete","1979","4902",""
"Norway","1979","Total","May","Data tabulated by year of occurrence","Final figure, complete","1979","4746",""
"Norway","1979","Total","June","Data tabulated by year of occurrence","Final figure, complete","1979","4307",""
"Norway","1979","Total","July","Data tabulated by year of occurrence","Final figure, complete","1979","4411",""
"Norway","1979","Total","August","Data tabulated by year of occurrence","Final figure, complete","1979","4369",""
"Norway","1979","Total","September","Data tabulated by year of occurrence","Final figure, complete","1979","4154",""
"Norway","1979","Total","October","Data tabulated by year of occurrence","Final figure, complete","1979","4122",""
"Norway","1979","Total","November","Data tabulated by year of occurrence","Final figure, complete","1979","3753",""
"Norway","1979","Total","December","Data tabulated by year of occurrence","Final figure, complete","1979","3596",""
"Norway","1978","Total","Total","Data tabulated by year of occurrence","Final figure, complete","1979","51749",""
"Norway","1978","Total","January","Data tabulated by year of occurrence","Final figure, complete","1979","4056",""
"Norway","1978","Total","February","Data tabulated by year of occurrence","Final figure, complete","1979","4071",""
"Norway","1978","Total","March","Data tabulated by year of occurrence","Final figure, complete","1979","4823",""
"Norway","1978","Total","April","Data tabulated by year of occurrence","Final figure, complete","1979","4802",""
"Norway","1978","Total","May","Data tabulated by year of occurrence","Final figure, complete","1979","4727",""
"Norway","1978","Total","June","Data tabulated by year of occurrence","Final figure, complete","1979","4469",""
"Norway","1978","Total","July","Data tabulated by year of occurrence","Final figure, complete","1979","4281",""
"Norway","1978","Total","August","Data tabulated by year of occurrence","Final figure, complete","1979","4283",""
"Norway","1978","Total","September","Data tabulated by year of occurrence","Final figure, complete","1979","4348",""
"Norway","1978","Total","October","Data tabulated by year of occurrence","Final figure, complete","1979","4219",""
"Norway","1978","Total","November","Data tabulated by year of occurrence","Final figure, complete","1979","3745",""
"Norway","1978","Total","December","Data tabulated by year of occurrence","Final figure, complete","1979","3925",""
"Norway","1977","Total","Total","Data tabulated by year of occurrence","Final figure, complete","1978","50877",""
"Norway","1977","Total","January","Data tabulated by year of occurrence","Final figure, complete","1978","4245",""
"Norway","1977","Total","February","Data tabulated by year of occurrence","Final figure, complete","1978","4091",""
"Norway","1977","Total","March","Data tabulated by year of occurrence","Final figure, complete","1978","4861",""
"Norway","1977","Total","April","Data tabulated by year of occurrence","Final figure, complete","1978","4706",""
"Norway","1977","Total","May","Data tabulated by year of occurrence","Final figure, complete","1978","4596",""
"Norway","1977","Total","June","Data tabulated by year of occurrence","Final figure, complete","1978","4367",""
"Norway","1977","Total","July","Data tabulated by year of occurrence","Final figure, complete","1978","4219",""
"Norway","1977","Total","August","Data tabulated by year of occurrence","Final figure, complete","1978","4271",""
"Norway","1977","Total","September","Data tabulated by year of occurrence","Final figure, complete","1978","4156",""
"Norway","1977","Total","October","Data tabulated by year of occurrence","Final figure, complete","1978","3860",""
"Norway","1977","Total","November","Data tabulated by year of occurrence","Final figure, complete","1978","3702",""
"Norway","1977","Total","December","Data tabulated by year of occurrence","Final figure, complete","1978","3803",""
"Norway","1976","Total","Total","Data tabulated by year of occurrence","Final figure, complete","1977","53474",""
"Norway","1976","Total","January","Data tabulated by year of occurrence","Final figure, complete","1977","4449",""
"Norway","1976","Total","February","Data tabulated by year of occurrence","Final figure, complete","1977","4333",""
"Norway","1976","Total","March","Data tabulated by year of occurrence","Final figure, complete","1977","5036",""
"Norway","1976","Total","April","Data tabulated by year of occurrence","Final figure, complete","1977","4955",""
"Norway","1976","Total","May","Data tabulated by year of occurrence","Final figure, complete","1977","4611",""
"Norway","1976","Total","June","Data tabulated by year of occurrence","Final figure, complete","1977","4579",""
"Norway","1976","Total","July","Data tabulated by year of occurrence","Final figure, complete","1977","4463",""
"Norway","1976","Total","August","Data tabulated by year of occurrence","Final figure, complete","1977","4347",""
"Norway","1976","Total","September","Data tabulated by year of occurrence","Final figure, complete","1977","4537",""
"Norway","1976","Total","October","Data tabulated by year of occurrence","Final figure, complete","1977","4236",""
"Norway","1976","Total","November","Data tabulated by year of occurrence","Final figure, complete","1977","4045",""
"Norway","1976","Total","December","Data tabulated by year of occurrence","Final figure, complete","1977","3883",""
"Norway","1974","Total","Total","Data tabulated by year of occurrence","Final figure, complete","1975","59603",""
"Norway","1974","Total","January","Data tabulated by year of occurrence","Final figure, complete","1975","5223",""
"Norway","1974","Total","February","Data tabulated by year of occurrence","Final figure, complete","1975","4761",""
"Norway","1974","Total","March","Data tabulated by year of occurrence","Final figure, complete","1975","5651",""
"Norway","1974","Total","April","Data tabulated by year of occurrence","Final figure, complete","1975","5737",""
"Norway","1974","Total","May","Data tabulated by year of occurrence","Final figure, complete","1975","5410",""
"Norway","1974","Total","June","Data tabulated by year of occurrence","Final figure, complete","1975","5057",""
"Norway","1974","Total","July","Data tabulated by year of occurrence","Final figure, complete","1975","5011",""
"Norway","1974","Total","August","Data tabulated by year of occurrence","Final figure, complete","1975","4904",""
"Norway","1974","Total","September","Data tabulated by year of occurrence","Final figure, complete","1975","4783",""
"Norway","1974","Total","October","Data tabulated by year of occurrence","Final figure, complete","1975","4591",""
"Norway","1974","Total","November","Data tabulated by year of occurrence","Final figure, complete","1975","4116",""
"Norway","1974","Total","December","Data tabulated by year of occurrence","Final figure, complete","1975","4359",""
"Norway","1973","Total","Total","Data tabulated by year of occurrence","Final figure, complete","1974","61208",""
"Norway","1973","Total","January","Data tabulated by year of occurrence","Final figure, complete","1974","5322",""
"Norway","1973","Total","February","Data tabulated by year of occurrence","Final figure, complete","1974","5045",""
"Norway","1973","Total","March","Data tabulated by year of occurrence","Final figure, complete","1974","5708",""
"Norway","1973","Total","April","Data tabulated by year of occurrence","Final figure, complete","1974","5711",""
"Norway","1973","Total","May","Data tabulated by year of occurrence","Final figure, complete","1974","5482",""
"Norway","1973","Total","June","Data tabulated by year of occurrence","Final figure, complete","1974","5093",""
"Norway","1973","Total","July","Data tabulated by year of occurrence","Final figure, complete","1974","5021",""
"Norway","1973","Total","August","Data tabulated by year of occurrence","Final figure, complete","1974","4937",""
"Norway","1973","Total","September","Data tabulated by year of occurrence","Final figure, complete","1974","4934",""
"Norway","1973","Total","October","Data tabulated by year of occurrence","Final figure, complete","1974","4682",""
"Norway","1973","Total","November","Data tabulated by year of occurrence","Final figure, complete","1974","4575",""
"Norway","1973","Total","December","Data tabulated by year of occurrence","Final figure, complete","1974","4698",""

